County Name,Public Health Region (PHR),Total Doses Allocated,Vaccine Doses Administered,People Vaccinated with at least One Dose,People Fully Vaccinated,People Vaccinated with Booster Dose,"Population
5+","Population
12+","Population, 16+","Population, 65+","Population, Phase 1A Healthcare Workers","Population, Phase 1A Long-term Care Residents","Population, 16-64
 Any Medical Condition","Population, Education and Child Care Personnel"
Anderson,4/5N,"17,870","55,565","26,856","23,826","7,619","54,637","50,661","48,045","8,658","2,051",833,"20,206","1,574"
Andrews,10-Sep,"6,100","19,557","9,128","8,102","2,650","17,266","14,863","13,503","1,833",309,106,"5,450",41
Angelina,4/5N,"58,100","95,411","44,070","39,269","15,101","81,499","72,486","67,056","14,422","6,534","1,752","28,054","3,266"
Aransas,11,"6,840","34,769","15,910","13,839","6,014","22,639","20,834","19,803","6,791",370,252,"6,701",39
Archer,3-Feb,"3,200","9,590","4,425","4,062","1,499","7,996","7,388","6,921","1,677",80,13,"2,381",330
Armstrong,1,"2,100","1,758",821,718,275,"1,723","1,584","1,499",470,32,86,466,0
Atascosa,8,"19,000","60,488","28,794","24,949","8,471","46,959","41,738","38,768","7,605","1,124",651,"15,239","1,557"
Austin,6/5S,"8,700","34,512","16,557","14,478","5,454","28,313","25,335","23,704","5,933",667,396,"7,873","1,079"
Bailey,1,"24,135","6,404","3,187","2,630",839,"6,414","5,603","5,089","1,036",114,74,"1,982",0
Bandera,8,"5,100","24,377","11,433","9,994","4,188","22,019","20,596","19,763","6,439",352,180,"6,555",20
Bastrop,7,"62,200","123,844","59,508","49,791","17,716","82,246","74,173","68,839","13,865","1,462",696,"29,356","2,746"
Baylor,3-Feb,"5,550","3,350","1,594","1,441",457,"3,302","2,992","2,793",844,137,97,908,0
Bee,11,"83,660","39,676","18,916","16,032","5,411","31,026","28,034","26,496","4,091",981,684,"11,359",989
Bell,7,"222,970","374,894","181,211","152,776","52,303","336,691","294,905","272,969","40,534","15,894","2,466","95,066","12,910"
Bexar,8,"1,502,800","3,187,679","1,504,213","1,269,439","497,358","1,864,646","1,661,614","1,552,823","247,843","100,704","17,248","614,646","61,232"
Blanco,7,"5,600","14,901","6,791","6,029","2,569","11,461","10,598","10,092","3,004",90,102,"3,388",303
Borden,10-Sep,0,445,228,200,51,613,569,543,174,9,0,163,0
Bosque,7,"11,100","20,320","9,428","8,390","3,438","17,664","16,110","15,224","4,741",624,407,"5,126",579
Bowie,4/5N,"67,090","78,804","38,543","32,695","11,129","86,659","78,795","73,689","15,832","6,332","1,467","29,102","3,303"
Brazoria,6/5S,"224,000","520,407","240,686","215,367","81,242","347,809","310,503","287,683","45,752","9,762","2,648","105,966","12,034"
Brazos,7,"176,390","284,784","134,213","116,819","41,823","218,080","198,148","186,843","21,693","7,514","1,414","59,619","6,083"
Brewster,10-Sep,"5,100","12,558","5,938","5,030","2,124","8,905","8,071","7,706","2,231",303,0,"2,579",255
Briscoe,1,"1,200","1,575",684,614,311,"1,470","1,352","1,272",404,19,0,452,0
Brooks,11,"3,400","11,030","5,186","4,498","1,759","6,460","5,714","5,317","1,308",323,246,"2,253",22
Brown,3-Feb,"14,800","34,814","17,623","15,733","5,402","36,099","32,897","30,883","7,720","1,663",911,"11,188","1,112"
Burleson,7,"4,700","20,901","9,695","8,732","3,496","17,438","15,888","14,869","3,867",143,218,"5,600",518
Burnet,7,"38,215","60,605","28,269","24,999","10,166","45,640","41,525","39,239","10,999","1,823",595,"13,132",94
Caldwell,7,"15,100","57,808","27,952","23,688","8,476","41,232","37,400","34,853","6,512","1,286",524,"14,114","1,294"
Calhoun,8,"7,300","26,728","12,833","11,209","4,310","20,138","17,988","16,817","3,981",470,384,"6,161",53
Callahan,3-Feb,"3,500","12,225","5,801","5,178","1,948","12,938","11,949","11,263","2,958",146,122,"4,094",442
Cameron,11,"377,955","839,644","408,886","330,586","121,737","389,474","339,698","311,689","58,607","29,737","6,315","127,806","17,059"
Camp,4/5N,"1,800","13,390","6,306","5,426","1,983","12,036","10,774","10,031","2,494",207,152,"3,927",0
Carson,1,"1,800","4,969","2,301","2,023",770,"5,596","5,073","4,718","1,250",60,0,"1,547",240
Cass,4/5N,"5,100","24,333","11,730","10,155","3,865","28,402","25,670","24,182","6,856","1,216",550,"9,010","1,125"
Castro,1,"3,100","7,820","3,778","3,132","1,145","6,853","6,026","5,607","1,236",121,174,"2,168",341
Chambers,6/5S,"37,400","50,926","24,124","21,253","6,744","40,048","35,653","33,062","5,259",958,244,"12,484","1,539"
Cherokee,4/5N,"18,070","49,938","23,687","20,883","7,700","49,273","44,073","40,876","9,444","1,500",738,"16,376","1,511"
Childress,1,"5,000","7,978","3,848","3,549","1,391","6,988","6,419","6,094","1,165",251,136,"2,395",0
Clay,3-Feb,"14,645","10,444","4,796","4,383","1,643","9,986","9,145","8,666","2,484",136,60,"3,011",384
Cochran,1,"1,400","2,459","1,249","1,089",314,"2,701","2,361","2,188",468,57,0,956,0
Coke,10-Sep,0,"3,192","1,444","1,276",562,"3,118","2,889","2,756",947,47,130,899,0
Coleman,3-Feb,"3,700","7,500","3,445","3,065","1,281","7,888","7,133","6,721","2,119",342,162,"2,379",289
Collin,3-Feb,"763,700","1,707,684","780,745","687,891","275,329","962,905","865,275","801,716","116,575","38,139","7,817","236,374","34,589"
Collingsworth,1,"2,200","2,302","1,099",922,436,"2,762","2,432","2,263",555,80,92,847,0
Colorado,6/5S,"12,600","26,196","12,462","11,053","4,395","20,298","18,273","17,107","4,850",853,477,"5,957",613
Comal,8,"94,530","228,913","107,117","93,627","37,528","146,783","133,278","125,307","28,528","5,457","1,845","38,712","4,242"
Comanche,3-Feb,"6,890","14,622","6,809","6,107","2,478","12,904","11,640","10,944","3,330",330,292,"3,738",455
Concho,10-Sep,"2,000","3,211","1,550","1,282",541,"2,529","2,382","2,288",689,76,66,815,0
Cooke,3-Feb,"18,500","37,558","18,362","15,298","5,299","38,180","34,774","32,675","7,804",948,552,"11,640","1,051"
Coryell,7,"38,595","74,658","35,639","30,730","10,659","72,152","64,702","60,428","8,040","1,178",610,"22,789","2,014"
Cottle,3-Feb,0,"1,231",588,519,209,"1,285","1,181","1,123",339,5,0,446,0
Crane,10-Sep,"3,550","4,405","2,238","1,730",481,"4,406","3,834","3,554",594,71,110,"1,353",0
Crockett,10-Sep,0,"4,057","1,845","1,590",671,"3,247","2,885","2,694",612,31,56,"1,031",0
Crosby,1,"4,050","6,253","2,826","2,537","1,019","5,360","4,779","4,421","1,085",98,115,"1,771",284
Culberson,10-Sep,"2,000","2,886","1,313","1,148",445,"2,001","1,824","1,746",480,67,0,722,0
Dallam,1,"28,810","7,737","4,048","2,996",811,"6,531","5,706","5,217",857,40,0,"2,067",0
Dallas,3-Feb,"1,962,805","3,806,197","1,803,575","1,546,903","550,369","2,459,647","2,181,224","2,028,105","292,117","142,713","21,399","730,851","83,452"
Dawson,10-Sep,"4,600","9,953","4,994","4,326","1,206","11,679","10,475","9,789","1,898",304,112,"4,206",475
DeWitt,8,"7,100","21,647","10,002","9,041","3,468","18,888","17,091","16,110","4,035",319,438,"6,110","1,055"
Deaf Smith,1,"5,000","18,519","8,948","7,788","2,566","17,031","14,756","13,439","2,423",238,147,"5,332",0
Delta,4/5N,"1,700","4,243","1,996","1,751",611,"4,893","4,476","4,222","1,118",379,100,"1,580",0
Denton,3-Feb,"567,070","1,338,760","609,559","542,645","217,612","829,733","750,269","697,330","93,499","23,806","5,913","257,836","22,330"
Dickens,1,0,"1,677",788,701,290,"2,058","1,943","1,858",525,21,0,689,0
Dimmit,8,"23,265","21,117","11,603","7,237","2,429","9,411","8,187","7,539","1,749",238,175,"3,179",48
Donley,1,"1,400","2,930","1,366","1,183",453,"3,094","2,837","2,716",804,27,65,918,0
Duval,11,"3,800","17,776","8,379","7,078","2,852","10,340","9,183","8,600","2,031",69,150,"3,541",482
Eastland,3-Feb,"7,340","15,507","7,480","6,487","2,390","17,366","15,879","14,970","4,054",860,389,"5,393",591
Ector,10-Sep,"117,100","168,262","81,473","69,446","20,982","151,403","131,546","120,896","15,970","5,303","1,016","50,679",428
Edwards,8,0,"1,891",865,746,316,"1,801","1,648","1,555",561,24,0,528,0
El Paso,10-Sep,"713,000","1,596,614","785,677","619,803","227,463","783,994","688,420","640,180","105,175","35,065","8,383","245,567","27,330"
Ellis,3-Feb,"130,520","233,247","109,906","97,032","32,842","170,921","153,077","141,665","24,288","3,985","1,994","54,463","6,578"
Erath,3-Feb,"24,600","37,587","17,763","15,660","5,520","40,622","37,010","34,875","6,256","1,250",481,"12,564","1,079"
Falls,7,"30,755","19,313","9,163","7,860","2,726","16,157","14,863","14,049","3,226",328,187,"5,671",486
Fannin,3-Feb,"37,695","33,878","16,158","14,280","5,401","33,394","30,562","28,874","6,588",962,614,"10,987","1,108"
Fayette,7,"8,700","31,413","14,843","12,976","5,213","24,473","22,151","20,879","6,679",998,647,"6,844",671
Fisher,3-Feb,"2,200","3,374","1,603","1,389",594,"3,582","3,277","3,088",961,101,28,"1,061",0
Floyd,1,"2,300","5,966","2,762","2,456",963,"5,229","4,667","4,371","1,070",132,68,"1,723",0
Foard,3-Feb,"1,700","1,260",600,506,199,"1,104","1,003",962,315,7,80,332,0
Fort Bend,6/5S,"528,850","1,417,836","647,348","573,831","230,500","742,204","665,167","616,413","93,851","24,721","4,977","175,581","19,047"
Franklin,4/5N,"3,200","9,497","4,516","3,918","1,552","10,258","9,186","8,554","2,367",169,163,"2,871",0
Freestone,7,"4,400","17,994","8,693","7,744","2,520","18,627","16,823","15,808","3,996",553,261,"6,319",689
Frio,8,"13,450","25,311","14,632","12,901","3,083","18,870","17,090","16,121","2,499",186,166,"6,797",28
Gaines,10-Sep,"5,100","10,461","5,315","4,591","1,128","18,921","16,201","14,548","1,907",323,95,"6,156",717
Galveston,6/5S,"310,560","498,735","225,177","203,123","82,411","320,483","287,908","269,280","50,987","11,784","2,830","96,486","10,219"
Garza,1,"4,200","5,949","3,405","3,204",643,"6,102","5,587","5,325",719,33,75,"2,197",0
Gillespie,8,"31,400","36,159","16,333","14,492","6,393","25,541","23,486","22,307","8,110","1,175",706,"6,815",681
Glasscock,10-Sep,0,"1,398",688,601,148,"1,275","1,170","1,099",210,23,0,426,0
Goliad,8,"2,400","7,940","3,630","3,243","1,361","7,239","6,651","6,281","1,832",39,135,"2,282",0
Gonzales,8,"11,700","24,081","11,668","10,370","3,648","19,261","17,120","15,937","3,572",550,256,"6,356",693
Gray,1,"5,500","20,285","9,636","8,535","3,013","20,472","18,191","16,924","3,531",689,315,"6,978",42
Grayson,3-Feb,"67,740","138,469","67,528","58,298","21,854","127,159","114,863","107,521","24,182","9,338","2,131","40,586","4,254"
Gregg,4/5N,"124,925","139,830","65,324","57,204","20,416","115,575","102,834","95,544","19,451","7,025","2,324","37,362","3,988"
Grimes,7,"4,700","38,016","17,695","15,694","6,076","27,267","24,734","23,245","5,134",234,311,"9,653",771
Guadalupe,8,"91,395","214,306","103,184","89,673","32,914","156,424","139,873","130,517","23,614","3,801","1,225","49,282","3,850"
Hale,1,"14,000","31,389","15,498","13,663","4,007","31,152","27,448","25,476","4,604",873,399,"10,561","1,177"
Hall,1,0,"3,008","1,404","1,240",520,"2,863","2,552","2,406",711,27,72,978,0
Hamilton,7,"6,100","9,966","4,563","4,163","1,809","7,976","7,223","6,832","2,146",481,296,"2,427",10
Hansford,1,"3,400","4,909","2,456","2,200",716,"4,947","4,355","3,987",812,139,84,"1,616",295
Hardeman,3-Feb,"3,800","4,067","1,930","1,754",674,"3,779","3,383","3,190",912,102,16,"1,146",0
Hardin,6/5S,"11,800","52,171","24,520","21,584","7,542","53,375","48,425","45,112","9,762","1,003",527,"16,190","1,814"
Harris,6/5S,"3,395,220","7,056,250","3,383,601","2,911,389","1,004,302","4,374,128","3,873,534","3,601,939","514,167","225,769","27,623","1,408,024","148,273"
Harrison,4/5N,"16,870","61,893","29,487","25,935","9,260","62,896","55,838","51,900","11,607","3,063",608,"20,509","2,169"
Hartley,1,"1,475","6,651","3,226","2,625","1,000","5,260","4,854","4,561",861,196,94,"1,669",253
Haskell,3-Feb,"3,200","5,018","2,497","2,124",629,"5,523","5,059","4,831","1,266",123,68,"1,872",187
Hays,7,"170,240","350,666","165,957","141,666","55,269","215,309","195,999","183,380","26,187","5,488","1,907","61,462","6,431"
Hemphill,1,"3,100","3,637","1,801","1,591",624,"3,637","3,122","2,827",606,104,98,"1,066",0
Henderson,4/5N,"23,170","79,756","37,324","32,642","13,011","77,999","71,288","67,238","18,534","2,043",998,"26,544","1,787"
Hidalgo,11,"641,140","1,665,104","859,009","647,459","203,926","788,211","681,678","620,824","98,328","54,962","17,074","286,328","36,161"
Hill,7,"10,400","34,341","16,865","14,602","5,225","34,612","31,136","29,198","7,684",862,523,"11,381","1,209"
Hockley,1,"5,500","23,220","11,263","9,826","3,216","21,516","19,075","17,799","3,453",483,263,"6,829",887
Hood,3-Feb,"31,570","72,881","32,823","29,360","12,636","57,853","53,157","50,193","15,416","1,720",867,"16,867",147
Hopkins,4/5N,"14,810","35,301","16,653","14,658","5,127","34,635","31,222","29,175","6,887","1,192",620,"11,166","1,299"
Houston,4/5N,"6,800","23,043","10,802","9,496","3,813","21,817","19,962","18,929","5,176",634,538,"7,399",631
Howard,10-Sep,"7,900","27,999","14,282","12,451","3,127","34,630","31,311","29,544","4,813","1,456",454,"12,143",858
Hudspeth,10-Sep,"2,000","7,955","4,007","3,415","1,140","4,445","4,139","3,979",775,33,0,"1,778",145
Hunt,3-Feb,"39,410","98,258","47,043","41,208","13,782","91,601","82,800","77,878","15,810","4,112",947,"31,096","2,723"
Hutchinson,1,"4,900","17,535","8,253","7,144","2,588","19,460","17,397","16,258","3,581",504,246,"6,098",741
Irion,10-Sep,0,"1,629",744,661,266,"1,403","1,292","1,234",328,15,0,429,0
Jack,3-Feb,"3,900","8,090","3,893","3,442","1,121","8,479","7,655","7,230","1,515",198,149,"2,732",284
Jackson,8,"11,060","15,649","7,352","6,551","2,239","13,758","12,264","11,425","2,720",380,237,"4,205",674
Jasper,4/5N,"15,270","31,673","14,812","13,052","5,095","33,293","29,963","28,056","7,187","1,597",374,"11,687","1,173"
Jeff Davis,10-Sep,"1,400","2,963","1,329","1,179",535,"2,351","2,246","2,180",812,28,0,685,0
Jefferson,6/5S,"241,300","303,148","141,038","122,981","45,438","233,164","209,484","197,382","37,595","13,127","2,431","90,120","6,898"
Jim Hogg,11,"1,400","7,512","3,722","2,917",929,"4,737","4,107","3,791",890,14,60,"1,572",0
Jim Wells,11,"35,525","56,922","26,673","22,356","9,007","37,672","32,896","30,579","6,358","3,897",985,"12,474","1,370"
Johnson,3-Feb,"105,100","192,442","90,597","79,230","27,752","162,793","145,438","135,345","25,151","3,559","1,471","53,224","5,814"
Jones,3-Feb,"3,300","20,319","10,286","8,654","3,175","19,073","17,778","17,011","3,188",337,254,"6,981",525
Karnes,8,"14,520","18,815","9,226","8,404","2,784","14,708","13,389","12,669","2,211",370,244,"5,177",505
Kaufman,3-Feb,"65,950","169,036","80,565","69,981","23,266","123,665","110,544","102,341","16,113","2,857","1,189","40,613","4,498"
Kendall,8,"19,400","72,095","33,354","29,014","12,497","44,667","40,495","37,890","9,152","1,091",801,"12,702",160
Kenedy,11,0,547,246,217,89,375,333,321,68,1,0,139,0
Kent,3-Feb,0,648,308,270,105,709,646,615,201,13,60,198,0
Kerr,8,"20,100","61,663","28,883","24,936","10,389","50,071","46,093","43,793","14,769","2,805","1,022","13,990","1,087"
Kimble,10-Sep,"2,900","4,539","2,061","1,815",816,"4,148","3,832","3,651","1,288",90,0,"1,243",0
King,1,0,109,58,48,9,227,215,205,51,7,0,69,0
Kinney,8,"2,400","4,371","2,067","1,761",653,"3,486","3,211","3,050",910,11,0,"1,171",0
Kleberg,11,"59,725","47,643","21,996","18,733","7,587","28,759","25,919","24,188","4,046","1,401",341,"9,265",870
Knox,3-Feb,"2,300","3,232","1,553","1,392",432,"3,415","3,024","2,808",736,95,127,976,182
La Salle,8,"24,535","11,166","5,412","4,710","1,749","7,088","6,477","6,212","1,018",22,60,"2,410",0
Lamar,4/5N,"28,200","46,168","21,515","18,983","7,364","46,506","41,942","39,402","9,726","3,115",745,"14,986","1,612"
Lamb,1,"2,400","13,163","6,233","5,384","2,113","11,746","10,452","9,740","2,240",454,226,"3,968",536
Lampasas,7,"5,000","23,082","11,082","9,585","3,660","20,275","18,448","17,366","4,322",348,284,"6,457",0
Lavaca,8,"8,700","20,631","9,694","8,842","3,457","19,089","17,169","16,004","4,775",820,612,"5,435",476
Lee,7,"5,900","19,263","9,129","7,943","3,002","16,441","14,935","13,993","3,219",334,226,"5,333",494
Leon,7,"3,800","15,958","7,758","6,798","2,569","16,347","14,753","13,946","4,334",155,74,"4,662",603
Liberty,6/5S,"42,565","92,054","45,230","38,714","11,007","80,581","71,663","66,868","11,399","1,398",614,"28,567","2,987"
Limestone,7,"8,100","21,239","10,390","9,078","3,199","22,132","20,032","18,871","4,670","2,332","1,060","7,512",702
Lipscomb,1,"1,300","2,204","1,046",942,308,"3,023","2,698","2,520",617,24,61,919,190
Live Oak,11,"3,400","9,867","4,521","4,035","1,533","11,525","10,565","10,055","2,533",35,100,"3,769",300
Llano,7,"6,800","27,639","12,441","11,170","5,371","20,983","19,603","18,908","8,119",277,358,"5,362",15
Loving,10-Sep,0,75,41,30,5,135,130,129,23,0,0,50,0
Lubbock,1,"239,890","354,067","166,779","146,209","52,180","290,090","261,427","244,992","39,476","20,974","4,093","83,028","9,242"
Lynn,1,"1,800","5,598","2,629","2,321",801,"5,435","4,851","4,496",974,191,40,"1,838",328
Madison,7,"4,100","14,708","6,994","6,070","2,377","13,531","12,264","11,595","2,264",299,258,"4,451",17
Marion,4/5N,"1,300","9,397","4,436","3,979","1,472","9,460","8,663","8,277","2,697",351,158,"3,058",0
Martin,10-Sep,"2,400","4,213","2,105","1,728",517,"5,114","4,473","4,136",659,165,0,"1,624",0
Mason,10-Sep,"2,000","5,222","2,284","2,090","1,018","4,034","3,712","3,521","1,250",104,0,"1,147",0
Matagorda,6/5S,"16,950","41,594","19,829","17,070","5,874","33,641","30,169","28,247","6,391","1,113",369,"11,409","1,164"
Maverick,8,"46,700","131,217","71,716","51,064","14,299","53,126","46,417","42,606","7,003","2,970","1,198","18,727",152
McCulloch,10-Sep,"4,400","7,479","3,414","3,076","1,262","7,590","6,865","6,435","1,792",212,122,"2,275",260
McLennan,7,"153,530","309,483","148,067","129,218","46,275","239,819","215,130","200,781","37,728","11,153","3,621","71,906","8,718"
McMullen,11,"1,200",763,354,326,126,685,640,616,189,10,0,202,0
Medina,8,"18,100","66,872","31,390","27,635","11,044","48,707","44,092","41,263","8,757",899,536,"16,090","1,720"
Menard,10-Sep,"1,400","2,694","1,215","1,107",519,"2,058","1,888","1,790",699,9,40,550,0
Midland,10-Sep,"135,835","178,574","85,963","74,081","21,920","161,155","141,259","131,025","18,438","5,950","1,288","49,538","4,151"
Milam,7,"11,200","27,483","12,458","11,190","4,500","23,507","21,093","19,689","5,245",532,297,"7,641",827
Mills,7,"2,600","5,070","2,295","2,049",887,"4,674","4,242","4,006","1,416",149,152,"1,305",265
Mitchell,3-Feb,"4,000","7,376","3,371","3,047","1,342","7,932","7,286","6,958","1,259",265,96,"2,753",254
Montague,3-Feb,"4,950","16,700","8,012","6,922","2,513","18,573","16,816","15,872","4,444",560,383,"5,668",702
Montgomery,6/5S,"404,890","809,830","388,713","335,863","113,143","562,022","503,062","467,232","81,457","20,255","3,836","157,396","17,330"
Moore,1,"7,240","23,093","11,831","9,170","2,402","18,871","16,411","14,986","2,372",448,176,"6,143",27
Morris,4/5N,"2,100","13,031","6,193","5,395","2,091","11,539","10,449","9,830","2,730",77,179,"3,692",0
Motley,1,0,908,465,330,129,"1,121","1,051",994,368,22,50,319,0
Nacogdoches,4/5N,"33,100","68,994","33,599","28,958","10,931","60,264","54,401","51,773","9,953","2,530",755,"19,948","1,728"
Navarro,3-Feb,"33,100","56,569","26,439","23,132","8,257","46,145","41,283","38,360","8,651","1,720",869,"15,775","1,772"
Newton,4/5N,"2,900","8,053","3,712","3,294","1,299","12,907","11,888","11,298","2,878",55,113,"4,648",354
Nolan,3-Feb,"9,000","14,506","7,000","6,351","2,614","13,617","12,204","11,321","2,737",519,251,"4,249",719
Nueces,11,"289,725","510,073","237,457","204,802","82,524","340,073","303,484","284,366","54,069","25,582","4,100","113,767","9,771"
Ochiltree,1,"4,700","8,406","4,206","3,705",778,"9,045","7,814","7,106","1,148",200,114,"2,812",0
Oldham,1,"1,600","1,815",868,754,239,"2,039","1,894","1,728",316,18,0,654,227
Orange,6/5S,"5,300","72,514","34,430","29,701","10,446","76,811","69,350","65,087","13,729","1,456",548,"26,244","2,692"
Palo Pinto,3-Feb,"6,500","26,279","12,302","10,899","4,065","27,238","24,719","23,207","5,893",864,283,"8,796",816
Panola,4/5N,"3,900","19,363","9,371","8,235","2,844","22,135","19,777","18,462","4,589",473,377,"7,117",661
Parker,3-Feb,"73,730","152,892","71,926","64,074","22,367","131,956","119,419","111,686","22,331","2,890","1,301","40,567","3,773"
Parmer,1,"2,600","9,153","4,345","3,805","1,400","8,843","7,816","7,222","1,366",161,174,"2,910",525
Pecos,10-Sep,"6,700","22,224","10,518","9,210","3,458","14,618","13,080","12,317","2,141",400,120,"5,047",517
Polk,4/5N,"10,200","53,822","25,034","21,730","9,061","48,305","44,390","42,276","9,733","1,184",574,"17,118","1,025"
Potter,1,"194,195","125,212","60,293","50,971","17,066","107,179","95,273","88,673","15,203","10,224","1,770","35,559",518
Presidio,10-Sep,"5,300","16,504","7,906","6,264","2,621","6,009","5,392","5,069","1,601",27,0,"2,039",0
Rains,4/5N,"2,000","11,098","5,119","4,549","1,776","11,715","10,798","10,277","3,123",163,68,"3,649",0
Randall,1,"16,170","149,483","70,123","61,337","22,576","129,477","116,059","108,431","21,424","2,812",869,"34,803",519
Reagan,10-Sep,"1,400","3,475","1,766","1,545",384,"3,500","3,078","2,841",427,52,42,"1,173",0
Real,8,"2,000","4,084","1,860","1,627",697,"3,343","3,070","2,943","1,053",25,86,"1,051",0
Red River,4/5N,"3,500","10,729","5,323","4,686","1,397","11,435","10,450","9,965","3,044",420,252,"3,717",477
Reeves,10-Sep,"31,075","30,722","19,628","8,880","2,368","14,862","13,495","12,781","1,878",281,89,"5,277",0
Refugio,11,"2,900","9,237","4,129","3,705","1,581","6,524","5,921","5,583","1,617",228,154,"2,031",313
Roberts,1,0,604,284,256,93,801,730,672,193,16,0,227,0
Robertson,7,"4,200","18,090","8,748","7,658","2,842","15,864","14,349","13,474","3,412",252,252,"4,991",690
Rockwall,3-Feb,"59,095","147,427","69,844","60,568","21,509","95,901","86,906","80,325","13,395","3,750","1,347","27,575","3,321"
Runnels,3-Feb,"7,600","10,670","4,994","4,544","1,671","9,663","8,726","8,184","2,153",405,312,"2,979",430
Rusk,4/5N,"11,670","50,646","24,405","21,335","7,544","51,241","46,536","43,777","9,197","1,501",759,"17,428","1,859"
Sabine,4/5N,"3,900","9,323","4,291","3,770","1,646","10,097","9,359","8,871","3,267",572,186,"3,077",0
San Augustine,4/5N,"3,700","8,699","4,015","3,472","1,421","7,830","7,135","6,811","2,227",415,337,"2,590",0
San Jacinto,4/5N,"4,500","22,861","10,978","9,630","3,497","27,419","24,882","23,444","6,488",132,190,"9,275",40
San Patricio,11,"20,170","90,170","43,368","36,991","13,034","61,710","54,942","51,116","10,209",975,347,"19,063","2,379"
San Saba,7,"2,100","5,213","2,608","2,212",623,"5,775","5,279","5,000","1,465",33,72,"1,828",197
Schleicher,10-Sep,"1,800","3,090","1,402","1,278",500,"2,712","2,399","2,218",559,65,34,793,0
Scurry,3-Feb,"7,395","18,815","9,106","7,958","2,777","15,703","14,012","13,000","2,566",399,128,"5,165",0
Shackelford,3-Feb,"1,700","2,889","1,329","1,180",452,"3,087","2,804","2,612",691,52,0,937,119
Shelby,4/5N,"10,050","22,150","10,939","9,295","2,947","23,343","20,862","19,449","4,532",540,369,"7,876",948
Sherman,1,"1,800","2,338","1,256",981,197,"2,783","2,478","2,294",462,24,42,868,0
Smith,4/5N,"209,370","261,219","120,665","106,633","39,755","216,694","194,878","182,283","39,337","19,690","3,030","62,467","7,172"
Somervell,3-Feb,"5,100","9,493","4,375","3,962","1,613","8,648","7,823","7,386","1,770",457,220,"2,741",479
Starr,11,"43,780","155,713","82,386","61,073","19,286","57,720","49,864","45,765","7,370","4,479","1,999","21,117","3,311"
Stephens,3-Feb,"3,400","7,460","3,685","3,283","1,122","8,882","8,039","7,542","1,890",168,92,"2,928",22
Sterling,10-Sep,700,"1,213",575,498,151,"1,140","1,042",975,186,10,44,375,0
Stonewall,3-Feb,"1,700","1,360",637,576,218,"1,262","1,164","1,095",361,63,53,369,0
Sutton,10-Sep,"2,400","4,023","1,840","1,626",611,"3,494","3,139","2,992",723,91,0,"1,051",0
Swisher,1,"2,600","6,594","3,274","2,908","1,120","6,938","6,211","5,764","1,305",114,61,"2,381",323
Tarrant,3-Feb,"1,449,310","2,873,559","1,332,432","1,172,708","431,600","1,943,431","1,738,948","1,617,160","244,511","86,106","18,386","590,239","56,668"
Taylor,3-Feb,"94,735","152,495","72,030","62,439","23,043","128,300","115,070","107,257","20,131","11,065","2,465","36,680","4,185"
Terrell,10-Sep,0,"1,037",480,397,183,745,678,639,255,10,0,207,0
Terry,1,"8,590","11,904","5,787","5,037","1,806","11,386","10,047","9,307","1,858",345,178,"3,985",416
Throckmorton,3-Feb,"2,100","1,495",681,598,244,"1,430","1,314","1,247",445,64,0,399,0
Titus,4/5N,"25,200","32,588","15,861","13,366","4,266","30,173","26,439","24,323","4,845","1,811",633,"9,797","1,297"
Tom Green,10-Sep,"95,140","137,132","62,426","55,989","22,104","110,409","99,574","93,752","18,625","6,702","1,601","33,131","3,815"
Travis,7,"2,165,090","2,211,332","1,012,521","874,732","388,669","1,207,346","1,092,827","1,032,386","129,553","51,820","8,264","311,477","32,884"
Trinity,4/5N,"5,050","14,826","7,023","6,108","2,406","13,766","12,733","12,104","3,956",347,241,"4,400",427
Tyler,4/5N,"9,300","19,474","8,840","7,934","3,294","20,812","18,949","17,963","4,895",476,238,"6,926",722
Upshur,4/5N,"5,300","34,218","16,134","14,190","5,204","38,716","35,243","33,011","7,825",714,567,"12,366","1,404"
Upton,10-Sep,"3,200","3,823","1,732","1,511",620,"3,323","2,953","2,730",537,170,30,"1,105",0
Uvalde,8,"31,145","35,695","16,723","14,209","5,718","24,519","21,980","20,379","4,508","1,498",515,"8,253",985
Val Verde,8,"43,030","84,315","44,749","33,350","9,401","45,230","39,580","36,546","7,003","2,610",490,"14,417",104
Van Zandt,4/5N,"13,100","49,984","23,479","20,864","8,073","52,892","48,037","45,216","11,495","1,280",711,"16,861","1,783"
Victoria,8,"60,590","109,720","50,274","44,747","16,996","84,940","76,348","71,388","15,242","5,624","1,030","27,119",241
Walker,6/5S,"36,770","84,012","40,060","35,100","12,190","71,652","66,420","63,471","10,049","1,526",400,"24,628","1,438"
Waller,6/5S,"15,640","55,611","26,897","23,363","7,293","51,149","46,544","43,350","6,546","1,182",466,"16,819","1,813"
Ward,10-Sep,"4,940","10,235","5,103","4,274","1,246","10,987","9,651","8,921","1,629",137,92,"3,551",0
Washington,7,"63,100","44,993","20,248","18,205","7,674","33,973","30,940","29,086","7,889","2,581","1,018","10,662",72
Webb,11,"206,550","638,473","360,598","250,269","62,669","249,552","215,919","196,916","26,921","12,073","1,646","88,397","11,668"
Wharton,6/5S,"18,490","51,535","24,947","21,434","7,287","38,527","34,591","32,110","7,239","1,438",615,"12,933","1,328"
Wheeler,1,"3,000","4,841","2,326","2,029",781,"4,742","4,211","3,915","1,002",200,114,"1,459",243
Wichita,3-Feb,"76,520","141,264","66,322","58,823","23,128","123,412","111,604","105,631","19,854","8,664","2,030","42,031","3,508"
Wilbarger,3-Feb,"10,600","14,908","7,110","6,480","2,390","12,034","10,971","10,361","2,421",457,304,"4,240",27
Willacy,11,"8,300","33,808","16,831","14,142","4,816","20,211","18,065","16,897","3,057",325,557,"7,612",775
Williamson,7,"449,190","988,111","450,945","396,840","170,114","551,668","493,204","458,433","73,202","14,404","4,639","146,388","19,090"
Wilson,8,"23,300","61,650","29,306","25,872","9,512","47,550","43,258","40,488","8,411","1,224",615,"13,986","1,510"
Winkler,10-Sep,"2,000","7,094","3,462","3,008",984,"7,531","6,466","5,954",964,102,0,"2,445",0
Wise,3-Feb,"29,680","62,798","30,314","26,770","8,626","64,679","58,448","54,722","10,598","3,589",552,"22,459","1,533"
Wood,4/5N,"6,700","47,459","21,768","19,542","8,526","43,522","39,990","38,005","12,527","1,046",880,"13,019","1,130"
Yoakum,1,"3,400","8,019","4,065","3,435","1,078","7,851","6,743","6,135","1,033",225,60,"2,367",0
Young,3-Feb,"8,500","17,214","8,259","7,397","2,568","16,969","15,127","14,219","3,774",862,431,"5,296",626
Zapata,11,"8,400","19,813","9,738","8,377","2,551","12,905","10,966","9,981","1,866",195,202,"4,642",0
Zavala,8,"2,200","14,807","6,974","5,964","2,023","11,189","9,644","8,840","1,723",25,60,"4,035",458
Other, ,,"890,357","570,161","337,085","72,037",,,,,,,,
Texas,,"21,283,510","42,623,293","20,406,999","17,265,925","6,303,813","26,967,586","24,068,624","22,421,178","3,734,229","1,241,763","271,813","8,302,974","850,859"
Federal Long-Term Care Vaccination Program,,"720,525",,,,,,,,,,,,
Federal Pharmacy Retail Vaccination Program,,"5,509,700",,,,,,,,,,,,